id, type, accessories, background
0, maxibiz, peakspike / maxibiz lasereyes blue, bitcoin orange
1, black, wildhair / eyes pepe, red
2, default, cap subway / eyes blend, default
3, albino, peakspike purple, dollar pattern
4, brown, mohawk red / lasereyes gold, blue
5, demon, peakspike red / eyes big, euro pattern
6, golden, eyes blend, yellow
7, gray, eyes zombie, classic
8, green, peakspike, rainbow
9, memepool, eyes blend, ukraine
10, pepe, mohawk2 / eyes red, usa
11, alien, peakspike purple, china
12, deathbot, cap, great britain
13, safemode, halo / lasereyes red, europe
14, pink, knittedcap / eyes blue, austria
15, zombie, cap subway, bitcoin pattern
16, maxibiz, wildhair / eyes rainbow, bitcoin orange
17, black, cap mcd white / eyes blue, green
18, default, wildhair / maxibiz lasereyes blue, default
19, albino, wildhair blonde, blue
20, brown, cowboyhat / eyes cool, euro pattern
21, demon, eyes monobrow, aqua
22, golden block, lasereyes green, yellow
23, gray, bandana2 / eyes big, rainbow
24, green, mohawk2 red / eyes rainbow, ukraine
25, memepool, cap mcd red, usa
26, pepe, mohawk2 red / lasereyes gold, china
27, alien, mohawk2 green, great britain
28, deathbot, mohawk purple / lasereyes green, europe
29, safemode, cap / eyes blend, austria
30, pink, wildhair blonde / eyes zombie, bitcoin pattern
31, zombie, mohawk blonde / eyes polarized, red
32, maxibiz, mohawk2, bitcoin orange
33, black, peakspike, dollar pattern
34, default, mohawk2, default
35, albino, mohawk2 red / eyes monobrow, euro pattern
36, brown, wildhair white / eyes cool, aqua
37, demon, peakspike / lasereyes red, classic
38, golden block, lasereyes red, yellow
39, gray, cap burgerking, ukraine
40, green, cap mcd red / eyes monobrow, usa
41, memepool, cap mcd black / 3dglasses, china
42, pepe, wildhair / eyes cool, great britain
43, alien, cap mcb, europe
44, deathbot, cap mcd white, austria
45, safemode, knittedcap2 / eyes blend, bitcoin pattern
46, pink, eyes green, red
47, zombie, eyes red, green
48, maxibiz, cap subway / eyes blue, bitcoin orange
49, black, knittedcap / eyes polarized, blue
50, default, eyes monobrow, default
51, albino, wildhair white / lasereyes red, aqua
52, brown, crown / eyes blue, classic
53, demon, mohawk2 / vr, rainbow
54, golden, cap mcd white / eyes polarized, yellow
55, gray, peakspike red / eyes blue, usa
56, green, cap mcb / eyes monobrow, china
57, memepool, bandana2 / eyes big, great britain
58, pepe, mohawk blonde / eyes red, europe
59, alien, mohawk blonde, austria
60, deathbot, cap burgerking / eyes polarized, bitcoin pattern
61, safemode, mohawk2 red / eyes green, red
62, pink, mohawk blonde / vr, green
63, zombie, mohawk purple / eyes zombie, dollar pattern
64, maxibiz, peakspike / eyes pepe, bitcoin orange
65, black, bandana, euro pattern
66, default, wildhair / maxibiz lasereyes red, default
67, dark, crown, classic
68, brown, cowboyhat / eyes cool, rainbow
69, demon, peakspike / lasereyes gold, ukraine
70, golden, wildhair red, yellow
71, gray, peakspike purple / eyes blend, china
72, green, knittedcap / eyes big, great britain
73, memepool, cap burgerking / eyes bored, europe
74, pepe, mohawk, austria
75, alien, wildhair blonde, bitcoin pattern
76, deathbot, mohawk purple / lasereyes green, red
77, safemode, mohawk2 pink / eyes polarized, green
78, pink, bandana2 / 3dglasses, dollar pattern
79, zombie, halo / eyes cool, blue
80, maxibiz, cowboyhat / eyes green, bitcoin orange
81, black, mohawk / eyes rainbow, aqua
82, default, bandana2 / 3dglasses, default
83, albino, wildhair white, rainbow
84, brown, halo / eyes pepe, ukraine
85, demon, wildhair blonde / eyes blend, usa
86, golden, eyes blue, yellow
87, gray, peakspike purple, great britain
88, green, bandana / eyes polarized, europe
89, memepool, wildhair white, austria
90, pepe, mohawk purple / lasereyes gold, bitcoin pattern
91, alien, mohawk2 pink / eyes zombie, red
92, deathbot, bandana / eyes cool, green
93, safemode, peakspike / eyes polarized, dollar pattern
94, pink, bob blonde / eyes left blue / cap mcb, blue
95, zombie, mohawk2 green / eyes big, euro pattern
96, maxibiz, halo / vr, bitcoin orange
97, black, mohawk2 / maxibiz lasereyes green, classic
98, default, mohawk, default
99, dark, mohawk2 green / lasereyes red, ukraine
100, brown, mohawk / eyes bored, usa
101, demon, cap mcd white / vr, china
102, golden, 3dglasses, yellow
103, gray, mohawk2 green / eyes bored, europe
104, green, mohawk / eyes big, austria
105, memepool, peakspike purple, bitcoin pattern
106, pepe, peakspike purple / eyes big, red
107, alien, halo / eyes polarized, green
108, deathbot, cap subway, dollar pattern
109, safemode, wildhair, blue
110, pink, halo / 3dglasses, euro pattern
111, zombie, mohawk2 green, aqua
112, maxibiz, headband / eyes red, bitcoin orange
113, black, cap mcd black / eyes bored, rainbow
114, default, cap mcd white / vr, default
115, albino, mohawk red, usa
116, brown, knittedcap / 3dglasses, china
117, demon, mohawk red / eyes monobrow, great britain
118, golden, cap subway / eyes blend, yellow
119, gray, eyes monobrow, austria
120, green, headband / eyes big, bitcoin pattern
121, memepool, mohawk blonde / lasereyes gold, red
122, pepe, bandana2 / vr, green
123, alien, knittedcap / lasereyes red, dollar pattern
124, deathbot, tophat / eyes bored, blue
125, safemode, peakspike red / eyes polarized, euro pattern
126, pink, peakspike blonde, aqua
127, zombie, cap burgerking, classic
128, maxibiz, peakspike / maxibiz lasereyes red, bitcoin orange
129, black, cap / eyes green, ukraine
130, default, eyes blend, default
131, dark, peakspike red / eyes pepe, china
132, brown, cap mcd red, great britain
133, demon, mohawk2 green / eyes blue, europe
134, golden, cap subway / lasereyes gold, yellow
135, gray, mohawk red / eyes monobrow, bitcoin pattern
136, green, , red
137, memepool, mohawk2 green / eyes blend, green
138, pepe, mohawk, dollar pattern
139, alien, mohawk2 red / eyes cool, blue
140, deathbot, bandana2, euro pattern
141, safemode, bandana / eyes red, aqua
142, pink, bob blonde / eyes left blue / cap mcd red / eyes pepe, classic
143, zombie, knittedcap2 / eyes red, rainbow
144, maxibiz, cap subway / eyes cool, bitcoin orange
145, black, mohawk, usa
146, default, peakspike, default
147, albino, peakspike / eyes rainbow, great britain
148, brown, mohawk red / eyes blend, europe
149, demon, wildhair blonde / eyes cool, austria
150, golden, headband / eyes zombie, yellow
151, gray, mohawk purple / eyes cool, red
152, green, cowboyhat / eyes blue, green
153, memepool, peakspike red / lasereyes gold, dollar pattern
154, pepe, wildhair white / eyes pepe, blue
155, alien, cowboyhat / eyes red, euro pattern
156, deathbot, mohawk / eyes green, aqua
157, safemode, wildhair blonde / eyes big, classic
158, pink, bob blonde / eyes left blue / eyes zombie, rainbow
159, zombie, peakspike, ukraine
160, maxibiz, peakspike / eyes zombie, bitcoin orange
161, black, maxibiz lasereyes blue, china
162, default, cap / eyes polarized, default
163, albino, cap mcd red, europe
164, brown, cap mcd black / eyes rainbow, austria
165, demon, mohawk red / eyes monobrow, bitcoin pattern
166, golden, cap subway / eyes rainbow, yellow
167, gray, wildhair blonde / eyes green, green
168, green, wildhair white / lasereyes red, dollar pattern
169, memepool, mohawk purple, blue
170, pepe, mohawk2 pink / eyes blue, euro pattern
171, alien, mohawk purple, aqua
172, deathbot, halo / lasereyes green, classic
173, safemode, crown / lasereyes red, rainbow
174, pink, mohawk blonde, ukraine
175, zombie, wildhair white / 3dglasses, usa
176, maxibiz, peakspike, bitcoin orange
177, black, maxibiz lasereyes red, great britain
178, default, eyes zombie, default
179, dark, cap mcd black / eyes red, austria
180, brown, cap mcb / eyes polarized, bitcoin pattern
181, demon, cap mcd black / eyes blend, red
182, golden, halo / eyes bored, yellow
183, gray, mohawk blonde / eyes cool, dollar pattern
184, green, cap burgerking / eyes polarized, blue
185, memepool, wildhair blonde, euro pattern
186, pepe, peakspike purple / 3dglasses, aqua
187, alien, crown / eyes polarized, classic
188, deathbot, mohawk / eyes blue, rainbow
189, safemode, cap subway / lasereyes red, ukraine
190, pink, bob blonde / eyes left blue / cap mcd red / eyes blue, usa
191, zombie, wildhair white / eyes rainbow, china
192, maxibiz, eyes cool, bitcoin orange
193, black, knittedcap / eyes monobrow, europe
194, default, cap mcd black / 3dglasses, default
195, dark, tophat, bitcoin pattern
196, brown, mohawk2 pink / eyes pepe, red
197, demon, bandana2 / eyes polarized, green
198, golden, cap / vr, yellow
199, gray, mohawk2 / eyes cool, blue
200, green, cap mcd red / eyes monobrow, euro pattern
201, memepool, eyes rainbow, aqua
202, pepe, cap mcb / lasereyes green, classic
203, alien, , rainbow
204, deathbot, mohawk2 red, ukraine
205, safemode, mohawk, usa
206, pink, eyes zombie, china
207, zombie, mohawk2 red / 3dglasses, great britain
208, maxibiz, mohawk / maxibiz lasereyes green, bitcoin orange
209, black, knittedcap2 / eyes bored, austria
210, default, peakspike / eyes zombie, default
211, dark, bandana / vr, red
212, brown, mohawk2 red, green
213, demon, tophat / eyes blend, dollar pattern
214, golden, wildhair / eyes rainbow, yellow
215, gray, 3dglasses, euro pattern
216, green, halo / eyes blend, aqua
217, memepool, tophat / eyes zombie, classic
218, pepe, eyes green, rainbow
219, alien, vr, ukraine
220, deathbot, peakspike, usa
221, safemode, cap mcb / 3dglasses, china
222, pink, 3dglasses, great britain
223, zombie, cap mcd red / lasereyes green, europe
224, maxibiz, eyes blue, bitcoin orange
225, black, cap / eyes blend, bitcoin pattern
226, default, cap burgerking / eyes big, default
227, albino, cap / lasereyes red, green
228, brown, cap mcd black / lasereyes red, dollar pattern
229, demon, mohawk2 red / eyes big, blue
230, golden, peakspike / eyes polarized, yellow
231, gray block, eyes bored, aqua
232, green, cap burgerking / 3dglasses, classic
233, memepool, knittedcap2 / eyes rainbow, rainbow
234, pepe, knittedcap2, ukraine
235, alien, eyes zombie, usa
236, deathbot, wildhair, china
237, safemode, eyes zombie, great britain
238, pink, cap subway / eyes rainbow, europe
239, zombie, cap mcd red / eyes bored, austria
240, maxibiz, mohawk, bitcoin orange
241, black, headband / eyes rainbow, red
242, default, wildhair, default
243, albino, peakspike / eyes rainbow, dollar pattern
244, brown, wildhair red, blue
245, demon, cap mcd white, euro pattern
246, golden, mohawk blonde / eyes zombie, yellow
247, gray, eyes polarized, classic
248, green, wildhair, rainbow
249, memepool, mohawk blonde, ukraine
250, pepe, mohawk purple / eyes monobrow, usa
251, alien, cap subway, china
252, deathbot, wildhair red, great britain
253, safemode, mohawk2 red, europe
254, pink, bob blonde / eyes left blue / eyes pepe, austria
255, zombie, wildhair white / lasereyes red, bitcoin pattern
256, maxibiz, mohawk / 3dglasses, bitcoin orange
257, black, wildhair / maxibiz lasereyes blue, green
258, default, mohawk / eyes polarized, default
259, albino, mohawk2 green / eyes red, blue
260, brown, eyes bored, euro pattern
261, demon, lasereyes red, aqua
262, golden, wildhair red / eyes rainbow, yellow
263, gray, cap mcd red / eyes red, rainbow
264, green, cowboyhat / eyes blue, ukraine
265, memepool, knittedcap, usa
266, pepe, mohawk2 red / eyes green, china
267, alien, peakspike purple / eyes zombie, great britain
268, deathbot, mohawk2 / eyes blue, europe
269, safemode, tophat / 3dglasses, austria
270, pink, bob blonde / eyes left blue / eyes red, bitcoin pattern
271, zombie, eyes cool, red
272, maxibiz, mohawk / eyes big, bitcoin orange
273, black, wildhair, dollar pattern
274, default, bandana / eyes cool, default
275, albino, tophat / 3dglasses, euro pattern
276, brown, bandana2 / 3dglasses, aqua
277, demon, mohawk red / eyes pepe, classic
278, golden, mohawk purple / eyes pepe, yellow
279, gray, knittedcap2 / lasereyes green, ukraine
280, green, eyes zombie, usa
281, memepool, cap burgerking / eyes monobrow, china
282, pepe, mohawk / eyes monobrow, great britain
283, alien, mohawk red / vr, europe
284, deathbot, mohawk, austria
285, safemode, headband, bitcoin pattern
286, pink, wildhair blonde / eyes big blue, red
287, zombie, , green
288, maxibiz, peakspike / eyes polarized, bitcoin orange
289, black, cap mcd red, blue
290, default, mohawk2 / eyes cool, default
291, dark, mohawk2 green / 3dglasses, aqua
292, brown, peakspike / eyes blue, classic
293, demon, eyes blend, rainbow
294, golden, wildhair red / eyes red, yellow
295, gray block, eyes big, usa
296, green, mohawk red, china
297, memepool, cap burgerking, great britain
298, pepe, eyes rainbow, europe
299, alien, headband, austria
300, deathbot, knittedcap / eyes blue, bitcoin pattern
301, safemode, cowboyhat / 3dglasses, red
302, pink, bob blonde / eyes left blue / eyes rainbow, green
303, zombie, wildhair blonde / eyes blue, dollar pattern
304, maxibiz, cap burgerking / eyes zombie, bitcoin orange
305, black, eyes cool, euro pattern
306, default, cap mcd white / maxibiz lasereyes green, default
307, dark, wildhair red, classic
308, brown, mohawk purple / eyes polarized, rainbow
309, demon, mohawk2 green, ukraine
310, golden, peakspike red / eyes pepe, yellow
311, gray, wildhair / lasereyes gold, china
312, green, eyes bored, great britain
313, memepool, headband / lasereyes gold, europe
314, pepe, bandana / eyes pepe, austria
315, alien, bandana2 / lasereyes red, bitcoin pattern
316, deathbot, wildhair white / eyes cool, red
317, safemode, peakspike / eyes red, green
318, pink, peakspike blonde, dollar pattern
319, zombie, mohawk / eyes zombie, blue
320, maxibiz, knittedcap / eyes pepe, bitcoin orange
321, black, wildhair / eyes blend, aqua
322, default, tophat / maxibiz lasereyes red, default
323, dark, 3dglasses, rainbow
324, brown, bandana, ukraine
325, demon, wildhair / lasereyes gold, usa
326, golden, mohawk / eyes polarized, yellow
327, gray, , great britain
328, green, wildhair red / eyes cool, europe
329, memepool, mohawk blonde / eyes green, austria
330, pepe, mohawk blonde / eyes pepe, bitcoin pattern
331, alien, lasereyes gold, red
332, deathbot, wildhair white, green
333, safemode, wildhair red / lasereyes green, dollar pattern
334, pink, eyes pepe, blue
335, zombie, cap mcd black / eyes red, euro pattern
336, maxibiz, mohawk2 / 3dglasses, bitcoin orange
337, black, headband / eyes big, classic
338, default, mohawk / eyes blend, default
339, dark, crown / lasereyes green, ukraine
340, brown, peakspike / eyes green, usa
341, demon, halo / lasereyes gold, china
342, golden, mohawk2 green, yellow
343, gray block, lasereyes gold, europe
344, green, peakspike / eyes blue, austria
345, memepool, cap burgerking / 3dglasses, bitcoin pattern
346, pepe, cowboyhat / eyes cool, red
347, alien, halo, green
348, deathbot, mohawk2 / eyes zombie, dollar pattern
349, safemode, knittedcap, blue
350, pink, halo / eyes polarized, euro pattern
351, zombie, knittedcap2 / eyes rainbow, aqua
352, maxibiz, eyes bored, bitcoin orange
353, black, cap mcd black / eyes big, rainbow
354, default, halo / vr, default
355, albino, knittedcap, usa
356, brown, wildhair blonde, china
357, demon, halo / eyes blend, great britain
358, golden, peakspike red / eyes blend, yellow
359, gray, cap mcb / eyes cool, austria
360, green, mohawk purple / eyes polarized, bitcoin pattern
361, memepool, peakspike, red
362, pepe, mohawk2, green
363, alien, crown, dollar pattern
364, deathbot, mohawk purple, blue
365, safemode, tophat / lasereyes green, euro pattern
366, pink, bob blonde / eyes left blue / cap mcd red, aqua
367, zombie, cap subway / eyes zombie, classic
368, maxibiz, bandana / eyes blue, bitcoin orange
369, black, bandana, ukraine
370, default, vr, default
371, albino, wildhair red, china
372, brown, cap burgerking / eyes rainbow, great britain
373, demon, eyes blend, europe
374, golden, wildhair white, yellow
375, gray, mohawk purple / lasereyes red, bitcoin pattern
376, green, cap mcd white, red
377, memepool, mohawk blonde / lasereyes green, green
378, pepe, peakspike red / eyes pepe, dollar pattern
379, alien, eyes green, blue
380, deathbot, headband / eyes bored, euro pattern
381, safemode, cowboyhat / eyes monobrow, aqua
382, pink, crown / vr, classic
383, zombie, mohawk red, rainbow
384, maxibiz, headband / eyes polarized, bitcoin orange
385, black, vr, usa
386, default, knittedcap2, default
387, dark, headband, great britain
388, brown, cowboyhat, europe
389, demon, peakspike purple / eyes zombie, austria
390, golden, mohawk, yellow
391, gray, halo, red
392, green, mohawk2 red / 3dglasses, green
393, memepool, headband, dollar pattern
394, pepe, mohawk red, blue
395, alien, peakspike / eyes blend, euro pattern
396, deathbot, mohawk blonde / eyes pepe, aqua
397, safemode, wildhair blonde / eyes blue, classic
398, pink, eyes polarized, rainbow
399, zombie, mohawk2, ukraine
400, maxibiz, wildhair / maxibiz lasereyes green, bitcoin orange
401, black, cowboyhat / eyes zombie, china
402, default, peakspike / eyes pepe, default
403, albino, bandana2 / lasereyes gold, europe
404, brown, headband / eyes red, austria
405, demon, wildhair, bitcoin pattern
406, golden block, eyes blue, yellow
407, gray, mohawk2 pink, green
408, green, wildhair red, dollar pattern
409, memepool, peakspike purple / eyes bored, blue
410, pepe, mohawk2 green / eyes blend, euro pattern
411, alien, eyes rainbow, aqua
412, deathbot, mohawk blonde / eyes monobrow, classic
413, safemode, cap mcd black / lasereyes green, rainbow
414, pink, bob blonde / eyes left blue / cap mcd red, ukraine
415, zombie, peakspike red, usa
416, maxibiz, headband / eyes blend, bitcoin orange
417, black, wildhair / eyes big, great britain
418, default, mohawk / 3dglasses, default
419, albino, cap mcd white / eyes cool, austria
420, brown, wildhair white / eyes red, bitcoin pattern
421, demon, eyes monobrow, red
422, golden, mohawk2, yellow
423, gray, peakspike / eyes cool, dollar pattern
424, green, peakspike, blue
425, memepool, mohawk red / eyes blue, euro pattern
426, pepe, wildhair, aqua
427, alien, wildhair red / eyes big, classic
428, deathbot, mohawk red / 3dglasses, rainbow
429, safemode, mohawk purple / 3dglasses, ukraine
430, pink, mohawk blonde / eyes rainbow, usa
431, zombie, cap mcd red / eyes rainbow, china
432, maxibiz, cap mcd black / vr, bitcoin orange
433, black, mohawk / eyes zombie, europe
434, default, peakspike / vr, default
435, dark, cap burgerking / eyes monobrow, bitcoin pattern
436, brown, mohawk2 green / eyes polarized, red
437, demon, peakspike purple / lasereyes green, green
438, golden block, 3dglasses, yellow
439, gray, tophat / eyes pepe, blue
440, green, eyes cool, euro pattern
441, memepool, mohawk2 pink / eyes big, aqua
442, pepe, crown, classic
443, alien, wildhair / eyes red, rainbow
444, deathbot, wildhair red / eyes cool, ukraine
445, safemode, mohawk red / eyes zombie, usa
446, pink, crown / eyes big blue, china
447, zombie, wildhair blonde / lasereyes gold, great britain
448, maxibiz, cap subway / eyes red, bitcoin orange
449, black, mohawk2 / maxibiz lasereyes blue, austria
450, default, headband, default
451, albino, mohawk2 green / eyes bored, red
452, brown, wildhair blonde, green
453, demon, cap mcd black / eyes pepe, dollar pattern
454, golden, cap / lasereyes gold, yellow
455, gray block, eyes cool, euro pattern
456, green, mohawk2 red, aqua
457, memepool, mohawk red / lasereyes red, classic
458, pepe, wildhair blonde / eyes blue, rainbow
459, alien, cap mcd black / eyes bored, ukraine
460, deathbot, mohawk / eyes red, usa
461, safemode, mohawk2 pink / lasereyes green, china
462, pink, bob blonde / eyes left blue / crown / eyes polarized, great britain
463, zombie, mohawk2 / eyes blue, europe
464, maxibiz, wildhair / eyes zombie, bitcoin orange
465, black, cap burgerking / maxibiz lasereyes green, bitcoin pattern
466, default, mohawk / vr, default
467, dark, peakspike red / eyes pepe, green
468, brown, bandana2 / eyes pepe, dollar pattern
469, demon, eyes cool, blue
470, golden, cap subway / eyes bored, yellow
471, gray, crown / 3dglasses, aqua
472, green, mohawk2 green / eyes green, classic
473, memepool, peakspike red / vr, rainbow
474, pepe, bandana2 / lasereyes gold, ukraine
475, alien, cap mcd black / eyes polarized, usa
476, deathbot, tophat / eyes monobrow, china
477, safemode, mohawk red / eyes cool, great britain
478, pink, bob blonde / eyes left blue / cap mcb / eyes green, europe
479, zombie, mohawk2 pink / eyes cool, austria
480, maxibiz, crown / eyes polarized, bitcoin orange
481, black, peakspike / eyes blend, red
482, default, tophat / eyes pepe, default
483, dark, cap mcd white, dollar pattern
484, brown, wildhair blonde / eyes polarized, blue
485, demon, mohawk, euro pattern
486, golden, bandana2 / lasereyes green, yellow
487, gray block, eyes blue, classic
488, green, mohawk2 pink / eyes zombie, rainbow
489, memepool, tophat / eyes blend, ukraine
490, pepe, wildhair / eyes cool, usa
491, alien, peakspike purple / eyes green, china
492, deathbot, mohawk2 / eyes monobrow, great britain
493, safemode, wildhair white / eyes green, europe
494, pink, bob blonde / eyes left blue / crown, austria
495, zombie, eyes zombie, bitcoin pattern
496, maxibiz, cap mcd white / eyes green, bitcoin orange
497, black, knittedcap, green
498, default, eyes green, default
499, dark, , blue
500, brown, mohawk purple, euro pattern
501, demon, mohawk2 / vr, aqua
502, golden, mohawk2 green / eyes big, yellow
503, gray, mohawk, rainbow
504, green, peakspike red, ukraine
505, memepool, cap mcd white / eyes rainbow, usa
506, pepe, wildhair blonde, china
507, alien, cowboyhat, great britain
508, deathbot, wildhair blonde / eyes red, europe
509, safemode, mohawk red / eyes cool, austria
510, pink, bob blonde / eyes left blue / cap mcd red / eyes rainbow, bitcoin pattern
511, zombie, bandana / eyes polarized, red
512, maxibiz, knittedcap2, bitcoin orange
513, black, knittedcap / eyes red, dollar pattern
514, default, mohawk2 / eyes pepe, default
515, albino, mohawk red / eyes pepe, euro pattern
516, brown, cowboyhat / vr, aqua
517, demon, peakspike purple / eyes pepe, classic
518, golden block, eyes green, yellow
519, gray, headband / eyes red, ukraine
520, green, wildhair white / 3dglasses, usa
521, memepool, wildhair white / lasereyes red, china
522, pepe, mohawk red, great britain
523, alien, eyes blue, europe
524, deathbot, mohawk red / eyes zombie, austria
525, safemode, mohawk2 red, bitcoin pattern
526, pink, peakspike blonde / eyes pepe, red
527, zombie, wildhair red / eyes green, green
528, maxibiz, , bitcoin orange
529, black, maxibiz lasereyes blue, blue
530, default, cap, default
531, albino, mohawk blonde, aqua
532, brown, tophat / lasereyes gold, classic
533, demon, mohawk2 green / eyes red, rainbow
534, golden, mohawk2 / eyes blend, yellow
535, gray, cap burgerking / eyes green, usa
536, green, bandana, china
537, memepool, mohawk2 / eyes polarized, great britain
538, pepe, peakspike / lasereyes green, europe
539, alien, mohawk / eyes big, austria
540, deathbot, mohawk purple, bitcoin pattern
541, safemode, knittedcap2 / eyes pepe, red
542, pink, bob blonde / eyes left blue / crown / eyes blue, green
543, zombie, mohawk purple, dollar pattern
544, maxibiz, knittedcap2 / eyes big, bitcoin orange
545, black, wildhair, euro pattern
546, default, mohawk2 / eyes big, default
547, dark, crown / eyes polarized, classic
548, brown, mohawk2 red, rainbow
549, demon, wildhair red / 3dglasses, ukraine
550, golden block, vr, yellow
551, gray, cap subway / eyes green, china
552, green, mohawk2 pink / eyes blue, great britain
553, memepool, mohawk purple, europe
554, pepe, eyes pepe, austria
555, alien, wildhair blonde / eyes pepe, bitcoin pattern
556, deathbot, mohawk blonde / lasereyes gold, red
557, safemode, mohawk purple, green
558, pink, bob blonde / eyes left blue / cap mcd red, dollar pattern
559, zombie, mohawk red / eyes cool, blue
560, maxibiz, mohawk / eyes green, bitcoin orange
561, black, knittedcap2 / eyes red, aqua
562, default, cap mcd black, default
563, dark, mohawk2 / lasereyes green, rainbow
564, brown, cap / vr, ukraine
565, demon, wildhair / eyes zombie, usa
566, golden, cap subway, yellow
567, gray, mohawk2 pink / lasereyes gold, great britain
568, green, wildhair white / lasereyes gold, europe
569, memepool, eyes blend, austria
570, pepe, wildhair red / lasereyes green, bitcoin pattern
571, alien, knittedcap, red
572, deathbot, mohawk2 red / eyes zombie, green
573, safemode, cap subway / vr, dollar pattern
574, pink, bob blonde / eyes left blue, blue
575, zombie, lasereyes gold, euro pattern
576, maxibiz, wildhair / eyes cool, bitcoin orange
577, black, crown / eyes polarized, classic
578, default, maxibiz lasereyes red, default
579, dark, peakspike red / 3dglasses, ukraine
580, brown, eyes blue, usa
581, demon, eyes green, china
582, golden, wildhair / eyes monobrow, yellow
583, gray, wildhair / lasereyes gold, europe
584, green, cap / 3dglasses, austria
585, memepool, peakspike purple / eyes monobrow, bitcoin pattern
586, pepe, cap mcd red / eyes green, red
587, alien, cowboyhat, green
588, deathbot, mohawk2 green / eyes cool, dollar pattern
589, safemode, mohawk2 red / eyes big, blue
590, pink, wildhair blonde, euro pattern
591, zombie, cap burgerking / eyes blue, aqua
592, maxibiz, bandana2, bitcoin orange
593, black, mohawk2 / eyes pepe, rainbow
594, default, mohawk2 / maxibiz lasereyes red, default
595, dark, cowboyhat / lasereyes red, usa
596, brown, mohawk2 / eyes green, china
597, demon, mohawk red / eyes zombie, great britain
598, golden, cap mcb / eyes pepe, yellow
599, gray, cap / eyes pepe, austria
600, green, cap mcd black / eyes cool, bitcoin pattern
601, memepool, cowboyhat / lasereyes green, red
602, pepe, wildhair blonde / eyes blend, green
603, alien, mohawk2 red / eyes rainbow, dollar pattern
604, deathbot, cowboyhat / eyes red, blue
605, safemode, bandana2, euro pattern
606, pink, cowboyhat / eyes green, aqua
607, zombie, peakspike / lasereyes red, classic
608, maxibiz, peakspike / eyes bored, bitcoin orange
609, black, vr, ukraine
610, default, mohawk / eyes cool, default
611, dark, crown / eyes bored, china
612, brown, wildhair blonde / eyes green, great britain
613, demon, cap, europe
614, golden, mohawk purple / eyes rainbow, yellow
615, gray, mohawk2 / eyes zombie, bitcoin pattern
616, green, peakspike purple / lasereyes gold, red
617, memepool, wildhair blonde, green
618, pepe, mohawk blonde / eyes polarized, dollar pattern
619, alien, cowboyhat, blue
620, deathbot, cap mcd red / eyes bored, euro pattern
621, safemode, eyes rainbow, aqua
622, pink, eyes big blue, classic
623, zombie, mohawk2 green / eyes pepe, rainbow
624, maxibiz, mohawk / eyes blue, bitcoin orange
625, black, wildhair / maxibiz lasereyes green, usa
626, default, wildhair / 3dglasses, default
627, dark, , great britain
628, brown, cap mcb / eyes monobrow, europe
629, demon, eyes big, austria
630, golden, cap mcd red, yellow
631, gray, mohawk / eyes big, red
632, green, cap mcd red / eyes big, green
633, memepool, cowboyhat, dollar pattern
634, pepe, knittedcap / 3dglasses, blue
635, alien, bandana2 / eyes blend, euro pattern
636, deathbot, mohawk purple / eyes rainbow, aqua
637, safemode, bandana2, classic
638, pink, bob blonde / eyes left blue / crown / eyes red, rainbow
639, zombie, mohawk purple / eyes blend, ukraine
640, maxibiz, crown / maxibiz lasereyes blue, bitcoin orange
641, black, mohawk / maxibiz lasereyes blue, china
642, default, halo / 3dglasses, default
643, dark, cap burgerking / lasereyes gold, europe
644, brown, peakspike red / 3dglasses, austria
645, demon, crown / eyes monobrow, bitcoin pattern
646, golden, wildhair blonde, yellow
647, gray, mohawk2 green / eyes red, green
648, green, eyes blend, dollar pattern
649, memepool, bandana2 / vr, blue
650, pepe, mohawk / eyes polarized, euro pattern
651, alien, peakspike red, aqua
652, deathbot, mohawk blonde / vr, classic
653, safemode, wildhair red / vr, rainbow
654, pink, bob blonde / eyes left blue / crown, ukraine
655, zombie, mohawk2 red / eyes pepe, usa
656, maxibiz, halo / eyes zombie, bitcoin orange
657, black, eyes blend, great britain
658, default, wildhair / eyes monobrow, default
659, albino, bandana2 / eyes cool, austria
660, brown, crown / eyes green, bitcoin pattern
661, demon, crown, red
662, golden, cap mcd black / eyes monobrow, yellow
663, gray, bandana2, dollar pattern
664, green, mohawk red / eyes blend, blue
665, memepool, cap burgerking / 3dglasses, euro pattern
666, pepe, wildhair white, aqua
667, alien, mohawk red, classic
668, deathbot, peakspike red, rainbow
669, safemode, cap burgerking / eyes blue, ukraine
670, pink, bob blonde / eyes left blue / cap mcb / eyes zombie, usa
671, zombie, wildhair / eyes polarized, china
672, maxibiz, bandana / eyes monobrow, bitcoin orange
673, black, peakspike / eyes monobrow, europe
674, default, bandana2 / eyes red, default
675, dark, cap mcb / lasereyes green, bitcoin pattern
676, brown, cap / eyes rainbow, red
677, demon, halo / eyes blue, green
678, golden, cap mcb / 3dglasses, yellow
679, gray, mohawk2, blue
680, green, cap / eyes blend, euro pattern
681, memepool, mohawk2 green, aqua
682, pepe, peakspike purple / lasereyes green, classic
683, alien, mohawk2 red, rainbow
684, deathbot, peakspike purple / eyes blend, ukraine
685, safemode, knittedcap2, usa
686, pink, bob blonde / eyes left blue / cap mcd red / eyes monobrow, china
687, zombie, cap subway / eyes big, great britain
688, maxibiz, crown / eyes pepe, bitcoin orange
689, black, eyes bored, austria
690, default, bandana, default
691, dark, knittedcap2 / eyes red, red
692, brown, mohawk2 green / eyes big, green
693, demon, peakspike, dollar pattern
694, golden, knittedcap / eyes zombie, yellow
695, gray, eyes polarized, euro pattern
696, green, knittedcap / vr, aqua
697, memepool, peakspike red / eyes monobrow, classic
698, pepe, wildhair white / eyes bored, rainbow
699, alien, cowboyhat / eyes blend, ukraine
700, deathbot, mohawk2 red, usa
701, safemode, peakspike purple, china
702, pink, eyes big blue, great britain
703, zombie, bandana2 / eyes big, europe
704, maxibiz, tophat, bitcoin orange
705, black, mohawk2, bitcoin pattern
706, default, mohawk2 / eyes polarized, default
707, dark, bandana / lasereyes red, green
708, brown, wildhair blonde / eyes rainbow, dollar pattern
709, demon, mohawk blonde / vr, blue
710, golden block, eyes rainbow, yellow
711, gray, mohawk2 green / lasereyes red, aqua
712, green, cap mcb / eyes rainbow, classic
713, memepool, mohawk blonde / 3dglasses, rainbow
714, pepe, mohawk2 green, ukraine
715, alien, mohawk2 green, usa
716, deathbot, halo, china
717, safemode, tophat / eyes green, great britain
718, pink, bob blonde / eyes left blue / cap mcd red / eyes zombie, europe
719, zombie, bandana2 / eyes green, austria
720, maxibiz, mohawk / maxibiz lasereyes red, bitcoin orange
721, black, cap / eyes red, red
722, default, peakspike / eyes polarized, default
723, dark, wildhair blonde / lasereyes green, dollar pattern
724, brown, eyes green, blue
725, demon, crown, euro pattern
726, golden, lasereyes gold, yellow
727, gray block, eyes green, classic
728, green, mohawk2 green / eyes monobrow, rainbow
729, memepool, mohawk2 red / eyes cool, ukraine
730, pepe, wildhair red / eyes blend, usa
731, alien, halo / eyes bored, china
732, deathbot, bandana2 / eyes zombie, great britain
733, safemode, mohawk2 / eyes red, europe
734, pink, bob blonde / eyes left blue / crown / eyes rainbow, austria
735, zombie, mohawk2 red / eyes red, bitcoin pattern
736, maxibiz, wildhair / eyes monobrow, bitcoin orange
737, black, mohawk / eyes polarized, green
738, default, crown, default
739, dark, cap / 3dglasses, blue
740, brown, cap mcd black, euro pattern
741, demon, tophat, aqua
742, golden, mohawk2 red / lasereyes green, yellow
743, gray block, vr, rainbow
744, green, cap mcd white, ukraine
745, memepool, cowboyhat / eyes big, usa
746, pepe, wildhair red / eyes rainbow, china
747, alien, cap mcd red / vr, great britain
748, deathbot, mohawk / vr, europe
749, safemode, knittedcap2 / eyes cool, austria
750, pink, bob blonde / eyes left blue / cap mcb / eyes big blue, bitcoin pattern
751, zombie, mohawk red / eyes red, red
752, maxibiz, wildhair / eyes blend, bitcoin orange
753, black, peakspike / 3dglasses, dollar pattern
754, default, bandana2 / eyes green, default
755, dark, knittedcap2 / eyes red, euro pattern
756, brown, knittedcap2, aqua
757, demon, mohawk2 green / eyes rainbow, classic
758, golden, cap mcb / eyes red, yellow
759, gray block, eyes blend, ukraine
760, green, mohawk2 red, usa
761, memepool, eyes green, china
762, pepe, cowboyhat, great britain
763, alien, mohawk2 red / eyes zombie, europe
764, deathbot, mohawk purple / eyes red, austria
765, safemode, cap mcd black / vr, bitcoin pattern
766, pink, eyes pepe, red
767, zombie, tophat, green
768, maxibiz, cap mcb / eyes blend, bitcoin orange
769, black, knittedcap2, blue
770, default, halo / eyes zombie, default
771, dark, cap burgerking / lasereyes green, aqua
772, brown, mohawk / eyes monobrow, classic
773, demon, eyes polarized, rainbow
774, golden, mohawk blonde / 3dglasses, yellow
775, gray, headband / vr, usa
776, green, mohawk, china
777, memepool, headband / eyes bored, great britain
778, pepe, wildhair white, europe
779, alien, peakspike purple / eyes polarized, austria
780, deathbot, cap mcd white / lasereyes green, bitcoin pattern
781, safemode, peakspike purple / eyes big, red
782, pink, knittedcap2, green
783, zombie, peakspike / eyes blend, dollar pattern
784, maxibiz, maxibiz lasereyes green, bitcoin orange
785, black, mohawk / eyes red, euro pattern
786, default, tophat, default
787, albino, mohawk2 / lasereyes green, classic
788, brown, wildhair blonde, rainbow
789, demon, peakspike, ukraine
790, golden block, eyes big, yellow
791, gray, mohawk2 pink / eyes rainbow, china
792, green, wildhair, great britain
793, memepool, bandana2 / lasereyes gold, europe
794, pepe, mohawk red / eyes polarized, austria
795, alien, knittedcap, bitcoin pattern
796, deathbot, cap mcd white / eyes green, red
797, safemode, lasereyes red, green
798, pink, cap mcd red, dollar pattern
799, zombie, mohawk2 green / lasereyes red, blue
800, maxibiz, wildhair, bitcoin orange
801, black, mohawk2 / vr, aqua
802, default, cowboyhat / eyes blue, default
803, dark, mohawk2 red / eyes cool, rainbow
804, brown, cap mcb / eyes cool, ukraine
805, demon, mohawk / eyes pepe, usa
806, golden, cap mcd black / lasereyes red, yellow
807, gray, eyes rainbow, great britain
808, green, peakspike / eyes pepe, europe
809, memepool, cap mcd white, austria
810, pepe, cap mcd red / eyes big, bitcoin pattern
811, alien, mohawk / eyes zombie, red
812, deathbot, mohawk2 / eyes monobrow, green
813, safemode, crown, dollar pattern
814, pink, bob blonde / eyes left blue / crown, blue
815, zombie, mohawk2 green / eyes polarized, euro pattern
816, maxibiz, cap mcd white / maxibiz lasereyes green, bitcoin orange
817, black, cap burgerking / eyes rainbow, classic
818, default, mohawk2 / vr, default
819, dark, bandana / eyes rainbow, ukraine
820, brown, mohawk purple / eyes blend, usa
821, demon, mohawk2, china
822, golden, mohawk2 red / lasereyes gold, yellow
823, gray, wildhair blonde / lasereyes green, europe
824, green, cap subway / eyes blue, austria
825, memepool, cap mcd white / eyes zombie, bitcoin pattern
826, pepe, knittedcap2, red
827, alien, mohawk blonde / eyes green, green
828, deathbot, mohawk2 red / eyes pepe, dollar pattern
829, safemode, wildhair blonde / eyes rainbow, blue
830, pink, cap mcb / eyes zombie, euro pattern
831, zombie, cap subway / lasereyes green, aqua
832, maxibiz, cap subway, bitcoin orange
833, black, peakspike, rainbow
834, default, peakspike / maxibiz lasereyes blue, default
835, dark, cap subway / eyes bored, usa
836, brown, cap mcd red / eyes zombie, china
837, demon, wildhair / eyes pepe, great britain
838, golden, bandana2 / eyes cool, yellow
839, gray, mohawk2, austria
840, green, peakspike, bitcoin pattern
841, memepool, peakspike red, red
842, pepe, bandana2 / eyes pepe, green
843, alien, eyes blend, dollar pattern
844, deathbot, peakspike / lasereyes red, blue
845, safemode, eyes cool, euro pattern
846, pink, knittedcap / eyes red, aqua
847, zombie, wildhair red, classic
848, maxibiz, mohawk2 / eyes cool, bitcoin orange
849, black, cap mcb / eyes monobrow, ukraine
850, default, , default
851, dark, cap / eyes blend, china
852, brown, knittedcap / eyes green, great britain
853, demon, halo / lasereyes green, europe
854, golden block, eyes blend, yellow
855, gray, peakspike purple, bitcoin pattern
856, green, peakspike purple / lasereyes red, red
857, memepool, mohawk2 red / eyes rainbow, green
858, pepe, cap subway / eyes blend, dollar pattern
859, alien, cap / eyes zombie, blue
860, deathbot, mohawk blonde / eyes blue, euro pattern
861, safemode, wildhair blonde / eyes red, aqua
862, pink, cap, classic
863, zombie, , rainbow
864, maxibiz, tophat / eyes cool, bitcoin orange
865, black, knittedcap2 / eyes green, usa
866, default, cap mcd red, default
867, dark, peakspike / vr, great britain
868, brown, peakspike purple, europe
869, demon, bandana2, austria
870, golden, mohawk2 / eyes bored, yellow
871, gray, cap burgerking / eyes monobrow, red
872, green, bandana / 3dglasses, green
873, memepool, cap / eyes pepe, dollar pattern
874, pepe, cap mcb, blue
875, alien, wildhair red / eyes zombie, euro pattern
876, deathbot, crown / lasereyes green, aqua
877, safemode, cap mcd black / eyes zombie, classic
878, pink, bob blonde / eyes left blue / crown / eyes pepe, rainbow
879, zombie, mohawk2 red / 3dglasses, ukraine
880, maxibiz, cap burgerking / vr, bitcoin orange
881, black, peakspike / eyes blend, china
882, default, headband / eyes bored, default
883, albino, bandana2, europe
884, brown, mohawk2 red / eyes big, austria
885, demon, cap mcd white, bitcoin pattern
886, golden, halo / eyes big, yellow
887, gray block, eyes polarized, green
888, green, peakspike purple / eyes red, dollar pattern
889, memepool, crown / lasereyes gold, blue
890, pepe, mohawk2 pink / eyes blend, euro pattern
891, alien, , aqua
892, deathbot, cap mcd red / 3dglasses, classic
893, safemode, bandana2 / eyes monobrow, rainbow
894, pink, cap mcd red, ukraine
895, zombie, peakspike / 3dglasses, usa
896, maxibiz, wildhair / maxibiz lasereyes blue, bitcoin orange
897, black, cap mcd red / 3dglasses, great britain
898, default, mohawk / eyes green, default
899, dark, eyes zombie, austria
900, brown, mohawk2 green / eyes pepe, bitcoin pattern
901, demon, peakspike purple / 3dglasses, red
902, golden, peakspike red / lasereyes gold, yellow
903, gray, peakspike red / vr, dollar pattern
904, green, cap mcd white / eyes big, blue
905, memepool, mohawk purple / eyes cool, euro pattern
906, pepe, cowboyhat / lasereyes gold, aqua
907, alien, wildhair white / eyes green, classic
908, deathbot, cap mcb, rainbow
909, safemode, mohawk purple / eyes green, ukraine
910, pink, eyes blue, usa
911, zombie, peakspike red / eyes rainbow, china
912, maxibiz, knittedcap2 / eyes blend, bitcoin orange
913, black, headband / eyes green, europe
914, default, mohawk / eyes blue, default
915, albino, crown / eyes red, bitcoin pattern
916, brown, mohawk blonde / eyes cool, red
917, demon, crown / eyes blue, green
918, golden, eyes rainbow, yellow
919, gray, mohawk2 red / eyes rainbow, blue
920, green, wildhair blonde / 3dglasses, euro pattern
921, memepool, vr, aqua
922, pepe, wildhair blonde / 3dglasses, classic
923, alien, mohawk2, rainbow
924, deathbot, knittedcap2 / lasereyes green, ukraine
925, safemode, mohawk red / lasereyes gold, usa
926, pink, wildhair blonde / eyes zombie, china
927, zombie, headband / eyes polarized, great britain
928, maxibiz, cap mcd white, bitcoin orange
929, black, wildhair, austria
930, default, cap mcd white / eyes pepe, default
931, dark, cowboyhat / eyes big, red
932, brown, cap mcd black / eyes zombie, green
933, demon, mohawk purple / eyes rainbow, dollar pattern
934, golden block, eyes monobrow, yellow
935, gray, mohawk / eyes polarized, euro pattern
936, green, mohawk2, aqua
937, memepool, mohawk2, classic
938, pepe, peakspike / 3dglasses, rainbow
939, alien, eyes blend, ukraine
940, deathbot, mohawk2 pink, usa
941, safemode, eyes cool, china
942, pink, cap burgerking / 3dglasses, great britain
943, zombie, mohawk2, europe
944, maxibiz, bandana2 / eyes rainbow, bitcoin orange
945, black, wildhair, bitcoin pattern
946, default, mohawk2 / eyes monobrow, default
947, dark, cap mcb / eyes bored, green
948, brown, peakspike purple / vr, dollar pattern
949, demon, mohawk purple, blue
950, golden, mohawk2 pink, yellow
951, gray block, eyes blue, aqua
952, green, crown, classic
953, memepool, mohawk red / eyes green, rainbow
954, pepe, mohawk, ukraine
955, alien, cap mcd red / eyes big, usa
956, deathbot, tophat, china
957, safemode, lasereyes red, great britain
958, pink, mohawk blonde, europe
959, zombie, cap burgerking / eyes zombie, austria
960, maxibiz, mohawk2 / eyes monobrow, bitcoin orange
961, black, wildhair / eyes blue, red
962, default, mohawk / eyes pepe, default
963, albino, wildhair / lasereyes gold, dollar pattern
964, brown, cap mcd white / lasereyes green, blue
965, demon, halo / eyes bored, euro pattern
966, golden, peakspike red / lasereyes red, yellow
967, gray, knittedcap2 / 3dglasses, classic
968, green, cap subway / eyes red, rainbow
969, memepool, , ukraine
970, pepe, cap mcb / eyes pepe, usa
971, alien, bandana2 / lasereyes green, china
972, deathbot, mohawk2 / eyes bored, great britain
973, safemode, bandana2 / 3dglasses, europe
974, pink, wildhair blonde / eyes zombie, austria
975, zombie, halo, bitcoin pattern
976, maxibiz, mohawk / eyes bored, bitcoin orange
977, black, wildhair, green
978, default, mohawk2 / 3dglasses, default
979, dark, tophat / eyes pepe, blue
980, brown, mohawk2 / eyes blue, euro pattern
981, demon, cap mcd red, aqua
982, golden, bandana2 / eyes big, yellow
983, gray block, eyes cool, rainbow
984, green, mohawk red / vr, ukraine
985, memepool, bandana / eyes monobrow, usa
986, pepe, mohawk blonde / eyes pepe, china
987, alien, knittedcap / lasereyes red, great britain
988, deathbot, cap / eyes rainbow, europe
989, safemode, mohawk2, austria
990, pink, vr, bitcoin pattern
991, zombie, mohawk2 red / eyes pepe, red
992, maxibiz, cap burgerking, bitcoin orange
993, black, cap mcd black / eyes zombie, dollar pattern
994, default, wildhair / eyes blue, default
995, albino, mohawk2 / eyes bored, euro pattern
996, brown, cap burgerking / eyes red, aqua
997, demon, wildhair red / eyes blue, classic
998, golden, mohawk2 red / eyes cool, yellow
999, gray, cap mcd white / eyes bored, ukraine
